"ID","INCOME","APPLIEDONLINE","RESIDENCE","YRS_AT_CURRENT_ADDRESS","YRS_WITH_CURRENT_EMPLOYER","NUMBER_OF_CARDS","CREDITCARD_DEBT","LOANS","LOAN_AMOUNT"
"101746","45194.00","YES","Owner Occupier","15","10","2","1678.00","1","12915.00"
"100323","46955.00","YES","Owner Occupier","16","1","2","201.00","1","3380.00"
"100640","43293.00","YES","Private Renting","16","7","1","2207.00","1","8450.00"
"100386","54603.00","YES","Owner Occupier","8","30","2","1562.00","1","7760.00"
"101698","58785.00","YES","Private Renting","31","16","2","1111.00","0","7415.00"
"100353","43908.00","YES","Public Housing","18","15","1","4242.00","0","7915.00"
"101789","43151.00","YES","Private Renting","6","9","1","681.00","1","7290.00"
"100784","44261.00","YES","Owner Occupier","9","22","1","823.00","1","8010.00"
"101703","45368.00","YES","Owner Occupier","4","2","2","711.00","1","10340.00"
"100292","56087.00","YES","Public Housing","27","18","1","4818.00","1","8910.00"
"100477","43761.00","YES","Owner Occupier","10","6","1","1418.00","0","11245.00"
"100683","45549.00","YES","Owner Occupier","2","21","1","5791.00","0","13325.00"
"100650","45283.00","YES","Public Housing","15","3","1","1460.00","1","13075.00"
"100588","45266.00","YES","Public Housing","3","5","1","6805.00","0","21360.00"
"101739","43185.00","YES","Living with parents/guardian","0","8","1","20.00","0","9420.00"
"101388","48511.00","YES","Owner Occupier","21","25","1","793.00","0","9550.00"
"100326","55897.00","YES","Private Renting","13","2","2","315.00","0","9690.00"
"100724","43348.00","YES","Sheltered","12","5","2","608.00","1","11720.00"
"100761","53102.00","YES","Owner Occupier","15","1","1","1147.00","0","7590.00"
"100679","45584.00","YES","Private Renting","2","19","1","1256.00","0","4150.00"
"101470","45949.00","YES","Private Renting","17","7","1","3865.00","0","13010.00"
"100320","44483.00","YES","Owner Occupier","16","15","2","116.00","0","7535.00"
"101753","53550.00","YES","Public Housing","11","23","1","544.00","1","7260.00"
"101423","49007.00","YES","Living with parents/guardian","14","18","1","13360.00","0","24375.00"
"101456","47026.00","YES","Private Renting","23","18","2","1368.00","0","6955.00"
"101338","45813.00","YES","Owner Occupier","10","13","1","59.00","0","7385.00"
"100592","55390.00","YES","Living with parents/guardian","23","3","1","812.00","0","7180.00"
"100727","51939.00","YES","Public Housing","5","2","1","382.00","0","11090.00"
"101716","45217.00","YES","Owner Occupier","17","8","2","445.00","1","11455.00"
"100693","48414.00","YES","Public Housing","9","0","2","232.00","0","9240.00"
"100399","44617.00","YES","Owner Occupier","4","10","2","154.00","1","925.00"
"101537","45081.00","YES","Owner Occupier","14","15","2","713.00","1","8430.00"
"100522","43982.00","NO","Owner Occupier","13","11","2","1055.00","0","9405.00"
"101756","59944.00","NO","Owner Occupier","20","11","2","3894.00","0","9880.00"
"100512","45621.00","NO","Owner Occupier","1","19","1","1878.00","0","9260.00"
"101430","45066.00","NO","Private Renting","16","15","1","860.00","1","6605.00"
"101524","57004.00","NO","Private Renting","14","31","1","3561.00","0","6720.00"
"100548","44272.00","NO","Owner Occupier","12","20","1","645.00","1","10095.00"
"101749","43876.00","NO","Private Renting","13","0","2","98.00","1","5330.00"
"100620","44705.00","NO","Owner Occupier","0","8","1","230.00","0","5720.00"
"100532","48931.00","NO","Owner Occupier","11","19","2","652.00","0","7795.00"
"100704","43651.00","NO","Private Renting","4","11","2","527.00","1","6090.00"
"100741","45001.00","NO","Public Housing","11","17","1","2134.00","1","9285.00"
"101635","44039.00","NO","Owner Occupier","17","6","2","109.00","1","6590.00"
"100411","47833.00","NO","Owner Occupier","9","6","1","854.00","0","12920.00"
"100721","43669.00","NO","Living with parents/guardian","18","10","1","2518.00","0","12500.00"
"100676","44597.00","NO","Owner Occupier","10","12","2","468.00","0","8630.00"
"100598","43514.00","NO","Private Renting","17","0","2","274.00","0","3425.00"
"100421","56486.00","NO","Owner Occupier","5","11","1","696.00","1","4240.00"
"100491","46785.00","NO","Private Renting","14","4","1","1227.00","1","6510.00"
"101382","49008.00","NO","Private Renting","10","16","2","216.00","0","10910.00"
"100633","43120.00","NO","Public Housing","4","10","1","801.00","1","6220.00"
"100535","49988.00","NO","Private Renting","14","21","2","2660.00","0","9645.00"
"101450","54673.00","NO","Owner Occupier","15","22","2","3086.00","1","11875.00"
"100454","43799.00","NO","Private Renting","11","4","1","145.00","0","8810.00"
"101385","52896.00","NO","Owner Occupier","19","6","2","1655.00","1","8975.00"
"100578","45750.00","NO","Public Housing","13","13","1","1930.00","1","11355.00"
"100306","43650.00","NO","Public Housing","8","12","1","267.00","0","7800.00"
"100390","53559.00","NO","Owner Occupier","7","19","2","2646.00","0","10105.00"
"100623","48599.00","NO","Owner Occupier","16","25","1","1363.00","1","9385.00"
"100568","55752.00","NO","Owner Occupier","5","11","2","2048.00","1","6685.00"
"100603","52173.00","NO","Public Housing","4","22","2","689.00","0","9720.00"
"101419","51219.00","NO","Private Renting","14","15","2","1292.00","1","7005.00"
"100565","46823.00","NO","Private Renting","22","2","1","94.00","1","6575.00"
"100629","54671.00","NO","Owner Occupier","25","28","2","3612.00","0","8610.00"
"100797","51385.00","NO","Owner Occupier","14","10","1","777.00","0","7430.00"
"100272","43593.00","NO","Owner Occupier","13","0","1","2315.00","0","12820.00"
"101763","45452.00","NO","Owner Occupier","12","24","1","5490.00","1","10040.00"
"100497","55777.00","NO","Private Renting","1","11","2","453.00","0","6215.00"
"100285","44974.00","NO","Public Housing","14","18","2","2772.00","0","9515.00"
"101453","45869.00","NO","Private Renting","21","8","2","71.00","1","9240.00"
"100389","59036.00","NO","Owner Occupier","7","6","1","495.00","1","8915.00"
"100369","43322.00","NO","Private Renting","15","6","2","218.00","1","6940.00"
"100754","50816.00","NO","Owner Occupier","0","17","2","2031.00","1","8075.00"
"100626","52887.00","NO","Public Housing","10","9","2","1339.00","0","8560.00"
"100383","54013.00","NO","Private Renting","9","4","1","996.00","0","11105.00"
"101672","54777.00","NO","Public Housing","26","17","2","2814.00","1","10895.00"
"100696","43977.00","NO","Public Housing","14","12","1","4763.00","1","11145.00"
"100330","45217.00","NO","Private Renting","19","8","1","732.00","0","5860.00"
"100767","51724.00","NO","Owner Occupier","15","3","1","88.00","1","7150.00"
"101760","43794.00","NO","Owner Occupier","9","6","2","1430.00","0","9020.00"
"101602","44892.00","NO","Private Renting","12","2","2","3337.00","0","11195.00"
"100444","43888.00","NO","Owner Occupier","16","21","1","3820.00","1","7240.00"
"100414","58026.00","NO","Living with parents/guardian","17","13","1","6156.00","0","15905.00"
"101439","43890.00","NO","Owner Occupier","19","18","2","505.00","1","6960.00"
"100343","45687.00","NO","Public Housing","22","16","2","1064.00","1","8465.00"
"100794","53704.00","NO","Owner Occupier","21","17","2","490.00","1","2825.00"
"100424","43895.00","NO","Owner Occupier","7","18","1","446.00","1","9085.00"
"100802","48607.00","NO","Owner Occupier","19","23","2","985.00","1","4415.00"
"100558","45419.00","NO","Private Renting","1","2","2","231.00","0","9200.00"
"100660","49850.00","NO","Living with parents/guardian","5","1","2","1265.00","1","4535.00"
"100737","44306.00","NO","Owner Occupier","15","19","2","7995.00","1","13220.00"
"101365","45115.00","NO","Private Renting","11","13","2","5189.00","1","16935.00"
"101730","57388.00","NO","Private Renting","23","22","1","3450.00","0","5365.00"
"101770","53983.00","NO","Public Housing","1","9","2","2117.00","0","9585.00"
"100376","58505.00","NO","Owner Occupier","11","9","2","668.00","0","5370.00"
"100701","46501.00","NO","Private Renting","5","5","2","327.00","1","9070.00"
"100595","47161.00","NO","Public Housing","0","13","2","1096.00","1","4855.00"
"100282","45715.00","NO","Owner Occupier","8","14","2","772.00","1","12985.00"
"101682","44270.00","NO","Owner Occupier","3","22","2","962.00","1","7845.00"
"100670","56470.00","NO","Private Renting","31","15","2","390.00","0","7055.00"
"100319","59193.00","NO","Owner Occupier","26","0","2","2295.00","1","7350.00"
"100600","45537.00","NO","Private Renting","22","21","2","2698.00","1","8885.00"
"101561","45721.00","NO","Living with parents/guardian","3","14","1","294.00","1","7925.00"
"100764","44787.00","NO","Owner Occupier","9","4","2","982.00","0","8175.00"
"100373","49678.00","NO","Owner Occupier","11","8","2","564.00","0","7195.00"
"100346","52118.00","NO","Private Renting","17","22","2","2771.00","1","8390.00"
"100451","46949.00","NO","Public Housing","0","2","2","1634.00","1","9720.00"
"100731","49789.00","NO","Owner Occupier","2","4","2","44.00","0","9340.00"
"101720","44682.00","NO","Private Renting","12","9","1","1192.00","1","7320.00"
"100630","53180.00","NO","Owner Occupier","9","31","2","11860.00","0","16335.00"
"100363","44193.00","NO","Public Housing","18","3","1","260.00","0","6605.00"
"100407","43989.00","NO","Owner Occupier","8","10","1","30.00","1","5805.00"
"100360","44052.00","NO","Owner Occupier","13","5","2","375.00","0","9305.00"
"100329","44781.00","NO","Owner Occupier","15","4","1","331.00","0","10165.00"
"100303","43795.00","NO","Public Housing","17","5","2","1171.00","0","11285.00"
"100781","44294.00","NO","Owner Occupier","9","20","2","3195.00","1","10825.00"
"100417","44159.00","NO","Public Housing","6","4","1","1110.00","0","7735.00"
"100585","44010.00","NO","Private Renting","4","7","2","542.00","1","10180.00"
"100295","52725.00","NO","Private Renting","26","9","2","12.00","0","4415.00"
"101325","52540.00","NO","Sheltered","0","15","2","397.00","0","8250.00"
"100310","43972.00","NO","Private Renting","0","13","1","340.00","1","7410.00"
"100666","59179.00","NO","Living with parents/guardian","29","5","1","5780.00","1","11885.00"
"101793","50552.00","NO","Owner Occupier","5","23","1","466.00","0","6880.00"
"100707","46119.00","NO","Private Renting","1","6","1","104.00","0","11470.00"
"101551","43707.00","NO","Owner Occupier","8","9","1","1131.00","0","9365.00"
"100757","54451.00","NO","Private Renting","14","30","1","3312.00","1","9440.00"
"100396","44442.00","NO","Private Renting","12","16","1","578.00","0","7600.00"
"100379","56087.00","NO","Private Renting","14","16","2","1386.00","1","9100.00"
"100487","49409.00","NO","Owner Occupier","11","12","2","107.00","1","9745.00"
"110003","48736.00","YES","Owner Occupier","12","12","2","1570.00","1","8485.00"
"110006","48739.00","YES","Owner Occupier","12","12","2","1567.00","1","8477.00"
"110009","48741.00","YES","Living with parents/guardian","12","12","2","1564.00","1","8470.00"
"110010","48742.00","YES","Owner Occupier","12","12","2","1564.00","1","8468.00"
"110013","48744.00","YES","Owner Occupier","12","12","2","1561.00","1","8461.00"
"110016","48746.00","YES","Public Housing","12","12","2","1558.00","1","8453.00"
"110019","48748.00","YES","Private Renting","12","12","2","1555.00","1","8446.00"
"110020","48749.00","YES","Public Housing","12","12","2","1554.00","1","8444.00"
"110023","48751.00","YES","Owner Occupier","12","12","2","1551.00","1","8437.00"
"110026","48754.00","YES","Living with parents/guardian","12","12","2","1548.00","1","8430.00"
"110029","48756.00","YES","Owner Occupier","12","12","2","1545.00","1","8422.00"
"110030","48757.00","YES","Owner Occupier","12","12","2","1544.00","1","8420.00"
"110033","48759.00","YES","Owner Occupier","12","12","2","1542.00","1","8413.00"
"110036","48761.00","YES","Private Renting","12","12","2","1539.00","1","8406.00"
"110039","48763.00","YES","Owner Occupier","12","12","2","1536.00","1","8398.00"
"110040","48764.00","YES","Owner Occupier","12","12","2","1535.00","1","8396.00"
"110043","48766.00","YES","Owner Occupier","12","12","2","1532.00","1","8389.00"
"110046","48769.00","YES","Owner Occupier","12","12","2","1529.00","1","8382.00"
"110049","48771.00","YES","Private Renting","12","12","2","1526.00","1","8375.00"
"110050","48772.00","YES","Owner Occupier","12","12","2","1525.00","1","8372.00"
"110053","48774.00","YES","Public Housing","12","12","2","1522.00","1","8365.00"
"110056","48776.00","YES","Living with parents/guardian","12","12","2","1520.00","1","8358.00"
"110059","48778.00","YES","Owner Occupier","12","12","2","1517.00","1","8351.00"
"110060","48779.00","YES","Owner Occupier","12","12","2","1516.00","1","8348.00"
"110063","48781.00","YES","Owner Occupier","12","12","2","1513.00","1","8341.00"
"110066","48784.00","YES","Public Housing","12","12","2","1510.00","1","8334.00"
"110069","48786.00","YES","Public Housing","12","12","2","1507.00","1","8327.00"
"110070","48787.00","YES","Public Housing","12","12","2","1506.00","1","8324.00"
"110073","48789.00","YES","Living with parents/guardian","12","12","2","1503.00","1","8317.00"
"110076","48791.00","YES","Owner Occupier","12","12","2","1500.00","1","8310.00"
"110079","48793.00","YES","Private Renting","12","12","2","1498.00","1","8303.00"
"110080","48794.00","YES","Owner Occupier","12","12","2","1497.00","1","8300.00"
"110083","48796.00","YES","Owner Occupier","12","12","2","1494.00","1","8293.00"
"110086","48798.00","YES","Private Renting","12","12","2","1491.00","1","8286.00"
"110089","48801.00","YES","Private Renting","12","12","2","1488.00","1","8279.00"
"110090","48801.00","YES","Public Housing","12","12","2","1487.00","1","8277.00"
"110093","48804.00","YES","Owner Occupier","12","12","2","1484.00","1","8269.00"
"110096","48806.00","YES","Owner Occupier","12","12","2","1481.00","1","8262.00"
"110099","48808.00","YES","Owner Occupier","12","12","2","1478.00","1","8255.00"
"110101","48810.00","YES","Public Housing","12","12","2","1477.00","1","8250.00"
"110104","48812.00","YES","Owner Occupier","12","12","2","1474.00","1","8243.00"
"110107","48814.00","YES","Owner Occupier","12","12","2","1471.00","1","8236.00"
"110111","48817.00","YES","Living with parents/guardian","12","12","2","1467.00","1","8226.00"
"110114","48819.00","YES","Owner Occupier","12","12","2","1464.00","1","8219.00"
"110117","48822.00","YES","Public Housing","12","12","2","1461.00","1","8212.00"
"110121","48825.00","YES","Private Renting","12","12","2","1457.00","1","8202.00"
"110124","48827.00","YES","Owner Occupier","12","12","2","1455.00","1","8195.00"
"110127","48829.00","YES","Public Housing","12","12","2","1452.00","1","8188.00"
"110131","48832.00","YES","Private Renting","12","12","2","1448.00","1","8179.00"
"110134","48834.00","YES","Owner Occupier","12","12","2","1445.00","1","8171.00"
"110137","48837.00","NO","Owner Occupier","12","12","2","1442.00","1","8164.00"
"110141","48840.00","NO","Owner Occupier","12","12","2","1438.00","1","8155.00"
"110144","48842.00","NO","Public Housing","12","12","2","1435.00","1","8148.00"
"110147","48844.00","NO","Owner Occupier","12","12","2","1433.00","1","8140.00"
"110151","48847.00","NO","Owner Occupier","12","12","2","1429.00","1","8131.00"
"110154","48849.00","NO","Owner Occupier","12","12","2","1426.00","1","8124.00"
"110157","48852.00","NO","Sheltered","12","12","2","1423.00","1","8116.00"
"110161","48855.00","NO","Private Renting","12","12","2","1419.00","1","8107.00"
"110164","48857.00","NO","Living with parents/guardian","12","12","2","1416.00","1","8100.00"
"110167","48859.00","NO","Owner Occupier","12","12","2","1413.00","1","8093.00"
"110171","48862.00","NO","Owner Occupier","12","12","2","1410.00","1","8083.00"
"110174","48864.00","NO","Owner Occupier","12","12","2","1407.00","1","8076.00"
"110177","48867.00","NO","Owner Occupier","12","12","2","1404.00","1","8069.00"
"110181","48870.00","NO","Private Renting","12","12","2","1400.00","1","8059.00"
"110184","48872.00","NO","Private Renting","12","12","2","1397.00","1","8052.00"
"110187","48874.00","NO","Owner Occupier","12","12","2","1394.00","1","8045.00"
"110191","48877.00","NO","Owner Occupier","12","12","2","1390.00","1","8035.00"
"110194","48879.00","NO","Owner Occupier","12","12","2","1388.00","1","8028.00"
"110197","48882.00","NO","Private Renting","12","12","2","1385.00","1","8021.00"
"110202","48885.00","NO","Private Renting","12","12","2","1380.00","1","8009.00"
"110415","49045.00","NO","Private Renting","11","12","2","1176.00","1","7500.00"
"110418","49047.00","NO","Owner Occupier","11","12","2","1173.00","1","7493.00"
"110422","49050.00","YES","Owner Occupier","11","12","2","1170.00","1","7483.00"
"110425","49052.00","YES","Owner Occupier","11","12","2","1167.00","1","7476.00"
"110428","49054.00","YES","Living with parents/guardian","11","12","2","1164.00","1","7469.00"
"110432","49057.00","YES","Owner Occupier","11","12","2","1160.00","1","7459.00"
"110435","49060.00","YES","Public Housing","11","12","2","1157.00","1","7452.00"
"110438","49062.00","YES","Private Renting","11","12","2","1154.00","1","7445.00"
"110442","49065.00","YES","Owner Occupier","11","12","2","1150.00","1","7435.00"
"110445","49067.00","YES","Living with parents/guardian","11","12","2","1148.00","1","7428.00"
"110448","49069.00","YES","Owner Occupier","11","12","2","1145.00","1","7421.00"
"110452","49072.00","YES","Owner Occupier","11","12","2","1141.00","1","7411.00"
"110455","49074.00","YES","Private Renting","11","12","2","1138.00","1","7404.00"
"110458","49077.00","YES","Owner Occupier","11","12","2","1135.00","1","7397.00"
"110462","49080.00","YES","Owner Occupier","11","12","2","1131.00","1","7387.00"
"110465","49082.00","YES","Owner Occupier","11","12","2","1128.00","1","7380.00"
"110468","49084.00","YES","Private Renting","11","12","2","1126.00","1","7373.00"
"110472","49087.00","YES","Public Housing","11","12","2","1122.00","1","7364.00"
"110475","49089.00","YES","Living with parents/guardian","11","12","2","1119.00","1","7356.00"
"110478","49092.00","YES","Owner Occupier","11","12","2","1116.00","1","7349.00"
"110482","49095.00","YES","Owner Occupier","11","12","2","1112.00","1","7340.00"
"110485","49097.00","YES","Public Housing","11","12","2","1109.00","1","7333.00"
"110488","49099.00","YES","Public Housing","11","12","2","1106.00","1","7325.00"
"110492","49102.00","YES","Living with parents/guardian","11","12","2","1103.00","1","7316.00"
"110495","49104.00","YES","Owner Occupier","11","12","2","1100.00","1","7309.00"
"110498","49107.00","YES","Private Renting","11","12","2","1097.00","1","7301.00"
"110500","49108.00","YES","Private Renting","11","12","2","1095.00","1","7297.00"
"110503","49110.00","YES","Owner Occupier","11","12","2","1092.00","1","7289.00"
"110506","49113.00","YES","Public Housing","11","12","2","1089.00","1","7282.00"
"110509","49115.00","YES","Public Housing","11","12","2","1086.00","1","7275.00"
"110510","49116.00","YES","Owner Occupier","11","12","2","1085.00","1","7273.00"
"110513","49118.00","YES","Public Housing","11","12","2","1083.00","1","7266.00"
"110516","49120.00","YES","Living with parents/guardian","11","12","2","1080.00","1","7258.00"
"110519","49122.00","YES","Owner Occupier","11","12","2","1077.00","1","7251.00"
"110520","49123.00","YES","Public Housing","11","12","2","1076.00","1","7249.00"
"110523","49125.00","YES","Owner Occupier","11","12","2","1073.00","1","7242.00"
"110526","49128.00","YES","Owner Occupier","11","12","2","1070.00","1","7235.00"
"110529","49130.00","YES","Living with parents/guardian","11","12","2","1067.00","1","7227.00"
"110530","49131.00","YES","Living with parents/guardian","11","12","2","1066.00","1","7225.00"
"110533","49133.00","YES","Owner Occupier","11","12","2","1063.00","1","7218.00"
"110536","49135.00","YES","Public Housing","11","12","2","1061.00","1","7211.00"
"110539","49137.00","YES","Public Housing","11","12","2","1058.00","1","7203.00"
"110540","49138.00","YES","Private Renting","11","12","2","1057.00","1","7201.00"
"110543","49140.00","YES","Owner Occupier","11","12","2","1054.00","1","7194.00"
"110546","49143.00","YES","Public Housing","11","12","2","1051.00","1","7187.00"
"110549","49145.00","YES","Living with parents/guardian","11","12","2","1048.00","1","7180.00"
"110550","49146.00","YES","Private Renting","11","12","2","1047.00","1","7177.00"
"110553","49148.00","YES","Owner Occupier","11","12","2","1044.00","1","7170.00"
"110556","49150.00","NO","Owner Occupier","11","12","2","1041.00","1","7163.00"
"110559","49152.00","NO","Private Renting","11","12","2","1039.00","1","7156.00"
"110560","49153.00","NO","Owner Occupier","11","12","2","1038.00","1","7153.00"
"110563","49155.00","NO","Public Housing","11","12","2","1035.00","1","7146.00"
"110566","49157.00","NO","Owner Occupier","11","12","2","1032.00","1","7139.00"
"110569","49160.00","NO","Private Renting","11","12","2","1029.00","1","7132.00"
"110570","49160.00","NO","Owner Occupier","11","12","2","1028.00","1","7129.00"
"110573","49163.00","NO","Owner Occupier","11","12","2","1025.00","1","7122.00"
"110576","49165.00","NO","Sheltered","11","12","2","1022.00","1","7115.00"
"110579","49167.00","NO","Owner Occupier","11","12","2","1019.00","1","7108.00"
"110580","49168.00","NO","Private Renting","11","12","2","1019.00","1","7105.00"
"100458","46645.00","YES","Owner Occupier","19","4","1","884.00","0","6045.00"
"100599","52495.00","YES","Owner Occupier","18","16","2","2527.00","1","10375.00"
"100782","43608.00","YES","Owner Occupier","2","20","1","452.00","0","7610.00"
"100697","51561.00","YES","Public Housing","17","5","2","3010.00","0","16630.00"
"100590","59393.00","YES","Owner Occupier","34","18","2","2746.00","0","6845.00"
"100516","45849.00","YES","Living with parents/guardian","13","9","2","364.00","1","12210.00"
"100465","44048.00","YES","Owner Occupier","0","6","1","222.00","0","10155.00"
"101477","43761.00","YES","Owner Occupier","10","6","1","1418.00","0","11245.00"
"100596","47019.00","YES","Private Renting","11","21","1","1138.00","1","8645.00"
"100377","51945.00","YES","Public Housing","19","0","1","25.00","1","7480.00"
"100394","44997.00","YES","Public Housing","6","18","1","1238.00","1","8070.00"
"100785","43823.00","YES","Living with parents/guardian","14","1","2","2245.00","1","9795.00"
"100384","53195.00","YES","Owner Occupier","8","31","2","7757.00","1","13645.00"
"101784","44261.00","YES","Owner Occupier","9","22","1","823.00","1","8010.00"
"100293","48336.00","YES","Owner Occupier","16","2","2","1227.00","0","3705.00"
"100641","44534.00","YES","Owner Occupier","9","13","2","805.00","0","8775.00"
"100718","45240.00","YES","Private Renting","12","5","2","1320.00","1","5840.00"
"100468","45970.00","YES","Owner Occupier","11","7","1","579.00","0","9280.00"
"100432","44202.00","YES","Owner Occupier","1","23","2","2611.00","0","12915.00"
"101505","45153.00","YES","Owner Occupier","2","13","2","804.00","1","8900.00"
"100448","53201.00","YES","Owner Occupier","18","29","1","17134.00","0","16275.00"
"100621","50621.00","YES","Owner Occupier","24","22","2","1047.00","0","9940.00"
"100691","44898.00","YES","Owner Occupier","4","22","1","527.00","0","10270.00"
"100604","49407.00","YES","Owner Occupier","23","13","2","1793.00","0","8950.00"
"100412","56891.00","YES","Owner Occupier","26","1","1","1543.00","1","5545.00"
"101399","44617.00","YES","Owner Occupier","4","10","2","154.00","1","925.00"
"100506","43820.00","YES","Owner Occupier","3","3","2","230.00","0","12095.00"
"100422","47623.00","YES","Private Renting","23","7","1","784.00","1","8630.00"
"100510","43976.00","YES","Public Housing","18","12","2","745.00","0","5145.00"
"100580","44477.00","YES","Private Renting","19","15","1","351.00","0","8290.00"
"101353","43908.00","YES","Public Housing","18","15","1","4242.00","0","7915.00"
"101386","54603.00","YES","Owner Occupier","8","30","2","1562.00","1","7760.00"
"101494","55421.00","YES","Owner Occupier","11","3","2","1169.00","0","10715.00"
"100681","44582.00","YES","Owner Occupier","1","13","1","1581.00","1","10410.00"
"100452","57689.00","YES","Owner Occupier","25","19","1","331.00","1","9915.00"
"101588","45266.00","YES","Public Housing","3","5","1","6805.00","0","21360.00"
"100539","47470.00","YES","Private Renting","9","12","1","2111.00","0","9255.00"
"100324","51383.00","YES","Owner Occupier","19","12","2","1119.00","1","7955.00"
"100758","58914.00","YES","Living with parents/guardian","11","7","1","1562.00","1","9490.00"
"100361","44613.00","YES","Public Housing","17","11","2","2134.00","0","4215.00"
"101592","55390.00","YES","Living with parents/guardian","23","3","1","812.00","0","7180.00"
"100344","49745.00","YES","Private Renting","24","6","1","518.00","1","5915.00"
"101320","44483.00","YES","Owner Occupier","16","15","2","116.00","0","7535.00"
"100570","55565.00","YES","Owner Occupier","23","0","2","2219.00","0","11885.00"
"100601","55215.00","NO","Private Renting","1","6","2","1930.00","0","9820.00"
"100536","45450.00","NO","Owner Occupier","15","24","1","4217.00","0","8040.00"
"100627","44671.00","NO","Private Renting","16","9","2","3971.00","1","12050.00"
"101754","50816.00","NO","Owner Occupier","0","17","2","2031.00","1","8075.00"
"100569","46168.00","NO","Private Renting","0","6","1","3762.00","1","12520.00"
"100563","55112.00","NO","Living with parents/guardian","10","14","2","4113.00","1","14510.00"
"100677","44728.00","NO","Private Renting","2","7","2","847.00","0","11580.00"
"101363","44193.00","NO","Public Housing","18","3","1","260.00","0","6605.00"
"100589","43362.00","NO","Owner Occupier","15","4","2","434.00","1","4320.00"
"101764","44787.00","NO","Owner Occupier","9","4","2","982.00","0","8175.00"
"100472","45659.00","NO","Public Housing","12","17","1","9466.00","1","17050.00"
"100530","43303.00","NO","Owner Occupier","2","7","2","866.00","1","10220.00"
"100283","43800.00","NO","Owner Occupier","0","4","2","725.00","0","7340.00"
"100337","45209.00","NO","Owner Occupier","4","9","2","658.00","0","11420.00"
"101360","44052.00","NO","Owner Occupier","13","5","2","375.00","0","9305.00"
"100273","45706.00","NO","Owner Occupier","17","16","2","373.00","1","7275.00"
"100492","53365.00","NO","Owner Occupier","21","26","1","3819.00","0","10250.00"
"100415","53791.00","NO","Owner Occupier","1","15","1","1844.00","1","11855.00"
"100280","44202.00","NO","Owner Occupier","8","0","2","748.00","0","10455.00"
"100485","45673.00","NO","Owner Occupier","22","16","1","359.00","0","6670.00"
"100279","44756.00","NO","Owner Occupier","19","6","1","2117.00","1","10760.00"
"101797","51385.00","NO","Owner Occupier","14","10","1","777.00","0","7430.00"
"100795","53842.00","NO","Owner Occupier","25","13","2","3115.00","0","6150.00"
"100533","44363.00","NO","Owner Occupier","5","19","1","1609.00","1","7325.00"
"101696","43977.00","NO","Public Housing","14","12","1","4763.00","1","11145.00"
"101704","43651.00","NO","Private Renting","4","11","2","527.00","1","6090.00"
"100381","53115.00","NO","Owner Occupier","12","1","2","674.00","0","10455.00"
"101757","54451.00","NO","Private Renting","14","30","1","3312.00","1","9440.00"
"101707","46119.00","NO","Private Renting","1","6","1","104.00","0","11470.00"
"101497","55777.00","NO","Private Renting","1","11","2","453.00","0","6215.00"
"100657","59276.00","NO","Public Housing","20","21","2","8000.00","1","8265.00"
"100488","54021.00","NO","Owner Occupier","2","4","1","101.00","1","12230.00"
"100334","44895.00","NO","Owner Occupier","8","0","2","888.00","1","8915.00"
"101731","49789.00","NO","Owner Occupier","2","4","2","44.00","0","9340.00"
"101532","48931.00","NO","Owner Occupier","11","19","2","652.00","0","7795.00"
"100425","55497.00","NO","Owner Occupier","7","3","1","637.00","1","8980.00"
"101282","45715.00","NO","Owner Occupier","8","14","2","772.00","1","12985.00"
"100671","51859.00","NO","Private Renting","19","2","2","369.00","1","5290.00"
"101491","46785.00","NO","Private Renting","14","4","1","1227.00","1","6510.00"
"100705","49485.00","NO","Private Renting","24","10","1","563.00","1","4455.00"
"100624","43677.00","NO","Sheltered","16","9","1","740.00","0","10915.00"
"100702","59201.00","NO","Owner Occupier","12","25","1","12164.00","0","14795.00"
"100374","56849.00","NO","Owner Occupier","4","4","1","117.00","1","5725.00"
"100661","47568.00","NO","Private Renting","5","11","2","2391.00","1","12965.00"
"101303","43795.00","NO","Public Housing","17","5","2","1171.00","0","11285.00"
"101383","54013.00","NO","Private Renting","9","4","1","996.00","0","11105.00"
"101285","44974.00","NO","Public Housing","14","18","2","2772.00","0","9515.00"
"101701","46501.00","NO","Private Renting","5","5","2","327.00","1","9070.00"
"101670","56470.00","NO","Private Renting","31","15","2","390.00","0","7055.00"
"100765","51498.00","NO","Private Renting","26","9","1","589.00","1","10150.00"
"101407","43989.00","NO","Owner Occupier","8","10","1","30.00","1","5805.00"
"100442","44271.00","NO","Private Renting","17","20","1","284.00","1","6185.00"
"100500","50302.00","NO","Owner Occupier","20","9","2","455.00","0","10490.00"
"101512","45621.00","NO","Owner Occupier","1","19","1","1878.00","0","9260.00"
"100549","44460.00","NO","Owner Occupier","4","16","1","3467.00","1","9290.00"
"100792","44230.00","NO","Owner Occupier","9","22","2","3106.00","0","540.00"
"101389","59036.00","NO","Owner Occupier","7","6","1","495.00","1","8915.00"
"100579","45904.00","NO","Owner Occupier","22","7","1","60.00","0","4850.00"
"101376","58505.00","NO","Owner Occupier","11","9","2","668.00","0","5370.00"
"100755","53660.00","NO","Private Renting","23","17","1","380.00","1","7945.00"
"100405","43482.00","NO","Owner Occupier","4","1","1","361.00","1","8375.00"
"100722","45390.00","NO","Owner Occupier","3","2","2","154.00","0","11710.00"
"101295","52725.00","NO","Private Renting","26","9","2","12.00","0","4415.00"
"100694","53307.00","NO","Owner Occupier","8","27","2","1984.00","1","9475.00"
"101272","43593.00","NO","Owner Occupier","13","0","1","2315.00","0","12820.00"
"100445","44194.00","NO","Private Renting","16","2","2","1007.00","1","8550.00"
"101802","48607.00","NO","Owner Occupier","19","23","2","985.00","1","4415.00"
"100311","43330.00","NO","Owner Occupier","9","6","1","25.00","1","9630.00"
"100321","43185.00","NO","Owner Occupier","1","9","2","1646.00","0","8125.00"
"100745","45313.00","NO","Owner Occupier","13","3","2","341.00","1","4065.00"
"101330","45217.00","NO","Private Renting","19","8","1","732.00","0","5860.00"
"100752","44395.00","NO","Owner Occupier","20","16","2","1299.00","1","8750.00"
"100593","50445.00","NO","Public Housing","10","8","1","237.00","1","9310.00"
"100347","55554.00","NO","Public Housing","27","0","1","708.00","0","8615.00"
"101660","49850.00","NO","Living with parents/guardian","5","1","2","1265.00","1","4535.00"
"100519","43408.00","NO","Owner Occupier","10","4","2","1106.00","0","10605.00"
"101421","56486.00","NO","Owner Occupier","5","11","1","696.00","1","4240.00"
"101600","45537.00","NO","Private Renting","22","21","2","2698.00","1","8885.00"
"100684","45712.00","NO","Owner Occupier","14","15","2","2216.00","0","8910.00"
"101626","52887.00","NO","Public Housing","10","9","2","1339.00","0","8560.00"
"100402","44684.00","NO","Owner Occupier","6","9","1","194.00","1","3965.00"
"100725","57598.00","NO","Public Housing","25","16","1","2171.00","1","5140.00"
"101306","43650.00","NO","Public Housing","8","12","1","267.00","0","7800.00"
"100798","47111.00","NO","Private Renting","1","14","2","1001.00","1","10510.00"
"100418","59508.00","NO","Owner Occupier","2","19","1","3671.00","1","10595.00"
"100732","47623.00","NO","Owner Occupier","12","7","2","1358.00","1","7365.00"
"101578","45750.00","NO","Public Housing","13","13","1","1930.00","1","11355.00"
"100566","56590.00","NO","Owner Occupier","27","8","2","332.00","0","6605.00"
"100529","50075.00","NO","Private Renting","4","18","2","3768.00","0","6095.00"
"101598","43514.00","NO","Private Renting","17","0","2","274.00","0","3425.00"
"100768","52772.00","NO","Owner Occupier","23","9","2","1348.00","1","8340.00"
"101676","44597.00","NO","Owner Occupier","10","12","2","468.00","0","8630.00"
"101414","58026.00","NO","Living with parents/guardian","17","13","1","6156.00","0","15905.00"
"100728","57623.00","NO","Owner Occupier","1","10","1","4133.00","1","10995.00"
"100495","47734.00","NO","Sheltered","23","6","2","2631.00","1","14355.00"
"101737","44306.00","NO","Owner Occupier","15","19","2","7995.00","1","13220.00"
"100586","44378.00","NO","Private Renting","9","18","2","306.00","0","7445.00"
"100523","44936.00","NO","Owner Occupier","1","22","1","4502.00","0","11015.00"
"100367","43645.00","NO","Owner Occupier","5","13","2","502.00","0","4600.00"
"100614","43622.00","NO","Owner Occupier","8","18","1","3828.00","1","5625.00"
"100503","44095.00","NO","Private Renting","13","4","1","368.00","0","8730.00"
"100664","50631.00","NO","Private Renting","26","21","2","2132.00","0","3110.00"
"100526","52545.00","NO","Owner Occupier","25","14","1","1125.00","0","8060.00"
"100715","44150.00","NO","Owner Occupier","9","4","2","1038.00","1","9010.00"
"100354","57718.00","NO","Owner Occupier","25","16","2","1555.00","1","6285.00"
"110001","48735.00","YES","Owner Occupier","12","12","2","1572.00","1","8489.00"
"110004","48737.00","YES","Owner Occupier","12","12","2","1569.00","1","8482.00"
"110007","48739.00","YES","Owner Occupier","12","12","2","1566.00","1","8475.00"
"110011","48742.00","YES","Owner Occupier","12","12","2","1563.00","1","8465.00"
"110014","48745.00","YES","Public Housing","12","12","2","1560.00","1","8458.00"
"110017","48747.00","YES","Owner Occupier","12","12","2","1557.00","1","8451.00"
"110021","48750.00","YES","Owner Occupier","12","12","2","1553.00","1","8441.00"
"110024","48752.00","YES","Public Housing","12","12","2","1550.00","1","8434.00"
"110027","48754.00","YES","Owner Occupier","12","12","2","1547.00","1","8427.00"
"110031","48757.00","YES","Owner Occupier","12","12","2","1543.00","1","8418.00"
"110034","48760.00","YES","Owner Occupier","12","12","2","1541.00","1","8410.00"
"110037","48762.00","YES","Private Renting","12","12","2","1538.00","1","8403.00"
"110041","48765.00","YES","Public Housing","12","12","2","1534.00","1","8394.00"
"110044","48767.00","YES","Owner Occupier","12","12","2","1531.00","1","8387.00"
"110047","48769.00","YES","Owner Occupier","12","12","2","1528.00","1","8379.00"
"110051","48772.00","YES","Owner Occupier","12","12","2","1524.00","1","8370.00"
"110054","48775.00","YES","Private Renting","12","12","2","1521.00","1","8363.00"
"110057","48777.00","YES","Private Renting","12","12","2","1519.00","1","8355.00"
"110061","48780.00","YES","Owner Occupier","12","12","2","1515.00","1","8346.00"
"110064","48782.00","YES","Public Housing","12","12","2","1512.00","1","8339.00"
"110067","48784.00","YES","Owner Occupier","12","12","2","1509.00","1","8332.00"
"110071","48787.00","YES","Owner Occupier","12","12","2","1505.00","1","8322.00"
"110074","48790.00","YES","Owner Occupier","12","12","2","1502.00","1","8315.00"
"110077","48792.00","YES","Owner Occupier","12","12","2","1499.00","1","8308.00"
"110081","48795.00","YES","Private Renting","12","12","2","1496.00","1","8298.00"
"110084","48797.00","YES","Owner Occupier","12","12","2","1493.00","1","8291.00"
"110087","48799.00","YES","Public Housing","12","12","2","1490.00","1","8284.00"
"110091","48802.00","YES","Owner Occupier","12","12","2","1486.00","1","8274.00"
"110094","48804.00","YES","Public Housing","12","12","2","1483.00","1","8267.00"
"110097","48807.00","YES","Living with parents/guardian","12","12","2","1480.00","1","8260.00"
"110102","48810.00","YES","Private Renting","12","12","2","1476.00","1","8248.00"
"110105","48813.00","YES","Living with parents/guardian","12","12","2","1473.00","1","8241.00"
"110108","48815.00","YES","Private Renting","12","12","2","1470.00","1","8234.00"
"110112","48818.00","YES","Owner Occupier","12","12","2","1466.00","1","8224.00"
"110115","48820.00","YES","Owner Occupier","12","12","2","1463.00","1","8217.00"
"110118","48822.00","YES","Owner Occupier","12","12","2","1460.00","1","8210.00"
"110122","48825.00","YES","Owner Occupier","12","12","2","1456.00","1","8200.00"
"110125","48828.00","YES","Public Housing","12","12","2","1454.00","1","8193.00"
"110128","48830.00","YES","Owner Occupier","12","12","2","1451.00","1","8186.00"
"110132","48833.00","YES","Owner Occupier","12","12","2","1447.00","1","8176.00"
"110135","48835.00","NO","Owner Occupier","12","12","2","1444.00","1","8169.00"
"110138","48837.00","NO","Owner Occupier","12","12","2","1441.00","1","8162.00"
"110142","48840.00","NO","Private Renting","12","12","2","1437.00","1","8152.00"
"110145","48843.00","NO","Owner Occupier","12","12","2","1434.00","1","8145.00"
"110148","48845.00","NO","Private Renting","12","12","2","1432.00","1","8138.00"
"110152","48848.00","NO","Living with parents/guardian","12","12","2","1428.00","1","8128.00"
"110155","48850.00","NO","Owner Occupier","12","12","2","1425.00","1","8121.00"
"110158","48852.00","NO","Owner Occupier","12","12","2","1422.00","1","8114.00"
"110162","48855.00","NO","Public Housing","12","12","2","1418.00","1","8104.00"
"110165","48858.00","NO","Owner Occupier","12","12","2","1415.00","1","8097.00"
"110168","48860.00","NO","Owner Occupier","12","12","2","1412.00","1","8090.00"
"110172","48863.00","NO","Owner Occupier","12","12","2","1409.00","1","8081.00"
"110175","48865.00","NO","Owner Occupier","12","12","2","1406.00","1","8073.00"
"110178","48867.00","NO","Private Renting","12","12","2","1403.00","1","8066.00"
"110182","48870.00","NO","Private Renting","12","12","2","1399.00","1","8057.00"
"110185","48873.00","NO","Owner Occupier","12","12","2","1396.00","1","8050.00"
"110188","48875.00","NO","Private Renting","12","12","2","1393.00","1","8042.00"
"110192","48878.00","NO","Owner Occupier","12","12","2","1389.00","1","8033.00"
"110195","48880.00","NO","Owner Occupier","12","12","2","1387.00","1","8026.00"
"110198","48882.00","NO","Owner Occupier","12","12","2","1384.00","1","8018.00"
"110200","48884.00","NO","Owner Occupier","12","12","2","1382.00","1","8014.00"
"110203","48886.00","NO","Private Renting","12","12","2","1379.00","1","8007.00"
"110205","48887.00","NO","Owner Occupier","12","12","2","1377.00","1","8002.00"
"110208","48890.00","NO","Owner Occupier","12","12","2","1374.00","1","7995.00"
"110212","48893.00","NO","Owner Occupier","12","12","2","1370.00","1","7985.00"
"110215","48895.00","NO","Private Renting","12","12","2","1368.00","1","7978.00"
"110218","48897.00","NO","Private Renting","12","12","2","1365.00","1","7971.00"
"110222","48900.00","NO","Public Housing","12","12","2","1361.00","1","7961.00"
"110225","48902.00","NO","Owner Occupier","12","12","2","1358.00","1","7954.00"
"110228","48905.00","NO","Private Renting","12","12","2","1355.00","1","7947.00"
"110232","48908.00","NO","Public Housing","12","12","2","1351.00","1","7937.00"
"110235","48910.00","NO","Private Renting","12","12","2","1348.00","1","7930.00"
"110238","48912.00","NO","Owner Occupier","12","12","2","1346.00","1","7923.00"
"110242","48915.00","NO","Private Renting","12","12","2","1342.00","1","7913.00"
"110245","48917.00","NO","Owner Occupier","12","12","2","1339.00","1","7906.00"
"110248","48920.00","NO","Owner Occupier","12","12","2","1336.00","1","7899.00"
"110252","48923.00","NO","Owner Occupier","12","12","2","1332.00","1","7889.00"
"110255","48925.00","NO","Public Housing","12","12","2","1329.00","1","7882.00"
"110258","48927.00","NO","Public Housing","12","12","2","1326.00","1","7875.00"
"110262","48930.00","NO","Public Housing","12","12","2","1323.00","1","7865.00"
"110265","48932.00","NO","Private Renting","12","12","2","1320.00","1","7858.00"
"110268","48935.00","NO","Owner Occupier","12","12","2","1317.00","1","7851.00"
"110272","48938.00","NO","Private Renting","12","12","2","1313.00","1","7842.00"
"110275","48940.00","NO","Living with parents/guardian","12","12","2","1310.00","1","7834.00"
"110278","48942.00","NO","Private Renting","12","12","2","1307.00","1","7827.00"
"110282","48945.00","NO","Owner Occupier","12","12","2","1303.00","1","7818.00"
"110285","48947.00","NO","Owner Occupier","12","12","2","1301.00","1","7811.00"
"110288","48950.00","NO","Owner Occupier","12","12","2","1298.00","1","7803.00"
"110292","48953.00","NO","Private Renting","12","12","2","1294.00","1","7794.00"
"110295","48955.00","NO","Owner Occupier","12","12","2","1291.00","1","7787.00"
"110298","48957.00","NO","Owner Occupier","12","12","2","1288.00","1","7779.00"
"110300","48959.00","NO","Owner Occupier","12","12","2","1286.00","1","7775.00"
"110303","48961.00","NO","Owner Occupier","12","12","2","1283.00","1","7768.00"
"110306","48963.00","NO","Private Renting","12","12","2","1280.00","1","7760.00"
"110309","48965.00","NO","Private Renting","12","12","2","1278.00","1","7753.00"
"110310","48966.00","NO","Owner Occupier","12","12","2","1277.00","1","7751.00"
"110313","48968.00","NO","Public Housing","12","12","2","1274.00","1","7744.00"
"110316","48971.00","NO","Public Housing","12","12","2","1271.00","1","7736.00"
"110319","48973.00","NO","Sheltered","12","12","2","1268.00","1","7729.00"
"110320","48974.00","NO","Private Renting","12","12","2","1267.00","1","7727.00"
"110323","48976.00","NO","Public Housing","11","12","2","1264.00","1","7720.00"
"110326","48978.00","NO","Owner Occupier","11","12","2","1261.00","1","7713.00"
"110329","48980.00","NO","Owner Occupier","11","12","2","1259.00","1","7705.00"
"110330","48981.00","NO","Owner Occupier","11","12","2","1258.00","1","7703.00"
"110333","48983.00","NO","Private Renting","11","12","2","1255.00","1","7696.00"
"110336","48985.00","NO","Owner Occupier","11","12","2","1252.00","1","7689.00"
"110339","48988.00","NO","Private Renting","11","12","2","1249.00","1","7681.00"
"110340","48988.00","NO","Owner Occupier","11","12","2","1248.00","1","7679.00"
"110343","48991.00","NO","Owner Occupier","11","12","2","1245.00","1","7672.00"
"110346","48993.00","NO","Owner Occupier","11","12","2","1242.00","1","7665.00"
"110349","48995.00","NO","Owner Occupier","11","12","2","1239.00","1","7658.00"
"110350","48996.00","NO","Owner Occupier","11","12","2","1238.00","1","7655.00"
"110353","48998.00","NO","Private Renting","11","12","2","1236.00","1","7648.00"
"110356","49000.00","NO","Public Housing","11","12","2","1233.00","1","7641.00"
"110359","49003.00","NO","Owner Occupier","11","12","2","1230.00","1","7634.00"
"110360","49003.00","NO","Public Housing","11","12","2","1229.00","1","7631.00"
"110363","49006.00","NO","Owner Occupier","11","12","2","1226.00","1","7624.00"
"110366","49008.00","NO","Private Renting","11","12","2","1223.00","1","7617.00"
"110369","49010.00","NO","Owner Occupier","11","12","2","1220.00","1","7610.00"
"110370","49011.00","NO","Private Renting","11","12","2","1219.00","1","7607.00"
"110373","49013.00","NO","Owner Occupier","11","12","2","1216.00","1","7600.00"
"110376","49015.00","NO","Owner Occupier","11","12","2","1214.00","1","7593.00"
"110379","49018.00","NO","Owner Occupier","11","12","2","1211.00","1","7586.00"
"110380","49018.00","NO","Owner Occupier","11","12","2","1210.00","1","7583.00"
"110383","49021.00","NO","Owner Occupier","11","12","2","1207.00","1","7576.00"
"110386","49023.00","NO","Sheltered","11","12","2","1204.00","1","7569.00"
"110389","49025.00","NO","Owner Occupier","11","12","2","1201.00","1","7562.00"
"110390","49026.00","NO","Private Renting","11","12","2","1200.00","1","7560.00"
"110393","49028.00","NO","Owner Occupier","11","12","2","1197.00","1","7552.00"
"110396","49030.00","NO","Private Renting","11","12","2","1194.00","1","7545.00"
"110399","49033.00","NO","Owner Occupier","11","12","2","1192.00","1","7538.00"
"110401","49034.00","NO","Owner Occupier","11","12","2","1190.00","1","7533.00"
"110404","49036.00","NO","Private Renting","11","12","2","1187.00","1","7526.00"
"110407","49039.00","NO","Private Renting","11","12","2","1184.00","1","7519.00"
"110411","49042.00","NO","Private Renting","11","12","2","1180.00","1","7509.00"
"110414","49044.00","NO","Public Housing","11","12","2","1177.00","1","7502.00"
"110417","49046.00","NO","Owner Occupier","11","12","2","1174.00","1","7495.00"
"110421","49049.00","YES","Owner Occupier","11","12","2","1171.00","1","7485.00"
"110424","49051.00","YES","Owner Occupier","11","12","2","1168.00","1","7478.00"
"110427","49054.00","YES","Public Housing","11","12","2","1165.00","1","7471.00"
"110431","49057.00","YES","Living with parents/guardian","11","12","2","1161.00","1","7462.00"
"110434","49059.00","YES","Owner Occupier","11","12","2","1158.00","1","7454.00"
"110437","49061.00","YES","Owner Occupier","11","12","2","1155.00","1","7447.00"
"110441","49064.00","YES","Owner Occupier","11","12","2","1151.00","1","7438.00"
"110444","49066.00","YES","Owner Occupier","11","12","2","1149.00","1","7431.00"
"110447","49068.00","YES","Public Housing","11","12","2","1146.00","1","7423.00"
"110451","49071.00","YES","Owner Occupier","11","12","2","1142.00","1","7414.00"
"110454","49074.00","YES","Owner Occupier","11","12","2","1139.00","1","7407.00"
"110457","49076.00","YES","Owner Occupier","11","12","2","1136.00","1","7399.00"
"110461","49079.00","YES","Private Renting","11","12","2","1132.00","1","7390.00"
"110464","49081.00","YES","Owner Occupier","11","12","2","1129.00","1","7383.00"
"110467","49083.00","YES","Public Housing","11","12","2","1127.00","1","7376.00"
"110471","49086.00","YES","Private Renting","11","12","2","1123.00","1","7366.00"
"110474","49089.00","YES","Private Renting","11","12","2","1120.00","1","7359.00"
"110477","49091.00","YES","Owner Occupier","11","12","2","1117.00","1","7352.00"
"110481","49094.00","YES","Owner Occupier","11","12","2","1113.00","1","7342.00"
"110484","49096.00","YES","Owner Occupier","11","12","2","1110.00","1","7335.00"
"110487","49098.00","YES","Owner Occupier","11","12","2","1107.00","1","7328.00"
"110491","49101.00","YES","Owner Occupier","11","12","2","1104.00","1","7318.00"
"110494","49104.00","YES","Owner Occupier","11","12","2","1101.00","1","7311.00"
"110497","49106.00","YES","Private Renting","11","12","2","1098.00","1","7304.00"
"110502","49110.00","YES","Owner Occupier","11","12","2","1093.00","1","7292.00"
"110505","49112.00","YES","Private Renting","11","12","2","1090.00","1","7285.00"
"110508","49114.00","YES","Private Renting","11","12","2","1087.00","1","7278.00"
"110512","49117.00","YES","Owner Occupier","11","12","2","1084.00","1","7268.00"
"110515","49119.00","YES","Owner Occupier","11","12","2","1081.00","1","7261.00"
"110518","49122.00","YES","Owner Occupier","11","12","2","1078.00","1","7254.00"
"110522","49125.00","YES","Private Renting","11","12","2","1074.00","1","7244.00"
"110525","49127.00","YES","Owner Occupier","11","12","2","1071.00","1","7237.00"
"110528","49129.00","YES","Owner Occupier","11","12","2","1068.00","1","7230.00"
"110532","49132.00","YES","Owner Occupier","11","12","2","1064.00","1","7220.00"
"110535","49134.00","YES","Owner Occupier","11","12","2","1062.00","1","7213.00"
"110538","49137.00","YES","Living with parents/guardian","11","12","2","1059.00","1","7206.00"
"110542","49140.00","YES","Owner Occupier","11","12","2","1055.00","1","7196.00"
"110545","49142.00","YES","Public Housing","11","12","2","1052.00","1","7189.00"
"110548","49144.00","YES","Owner Occupier","11","12","2","1049.00","1","7182.00"
"110552","49147.00","YES","Owner Occupier","11","12","2","1045.00","1","7172.00"
"110555","49149.00","NO","Owner Occupier","11","12","2","1042.00","1","7165.00"
"110558","49152.00","NO","Private Renting","11","12","2","1040.00","1","7158.00"
"110562","49155.00","NO","Owner Occupier","11","12","2","1036.00","1","7148.00"
"110565","49157.00","NO","Private Renting","11","12","2","1033.00","1","7141.00"
"110568","49159.00","NO","Owner Occupier","11","12","2","1030.00","1","7134.00"
"110572","49162.00","NO","Private Renting","11","12","2","1026.00","1","7125.00"
"110575","49164.00","NO","Public Housing","11","12","2","1023.00","1","7117.00"
"110578","49166.00","NO","Owner Occupier","11","12","2","1020.00","1","7110.00"
"100494","55421.00","YES","Owner Occupier","11","3","2","1169.00","0","10715.00"
"101700","55140.00","YES","Owner Occupier","20","13","2","5095.00","0","8540.00"
"100350","52973.00","YES","Public Housing","13","3","1","2535.00","0","9365.00"
"100288","44956.00","YES","Owner Occupier","21","21","2","806.00","1","8150.00"
"100562","45103.00","YES","Owner Occupier","21","14","1","2327.00","1","5575.00"
"101531","45159.00","YES","Owner Occupier","6","12","1","2310.00","0","12065.00"
"100505","45153.00","YES","Owner Occupier","2","13","2","804.00","1","8900.00"
"110204","48887.00","NO","Owner Occupier","12","12","2","1378.00","1","8004.00"
"110207","48889.00","NO","Owner Occupier","12","12","2","1375.00","1","7997.00"
"110211","48892.00","NO","Private Renting","12","12","2","1371.00","1","7987.00"
"110214","48894.00","NO","Owner Occupier","12","12","2","1368.00","1","7980.00"
"110217","48896.00","NO","Private Renting","12","12","2","1366.00","1","7973.00"
"110221","48899.00","NO","Private Renting","12","12","2","1362.00","1","7963.00"
"110224","48902.00","NO","Owner Occupier","12","12","2","1359.00","1","7956.00"
"110227","48904.00","NO","Owner Occupier","12","12","2","1356.00","1","7949.00"
"110231","48907.00","NO","Private Renting","12","12","2","1352.00","1","7940.00"
"110234","48909.00","NO","Owner Occupier","12","12","2","1349.00","1","7932.00"
"110237","48911.00","NO","Owner Occupier","12","12","2","1346.00","1","7925.00"
"110241","48914.00","NO","Private Renting","12","12","2","1343.00","1","7916.00"
"110244","48917.00","NO","Sheltered","12","12","2","1340.00","1","7909.00"
"110247","48919.00","NO","Owner Occupier","12","12","2","1337.00","1","7901.00"
"110251","48922.00","NO","Private Renting","12","12","2","1333.00","1","7892.00"
"110254","48924.00","NO","Private Renting","12","12","2","1330.00","1","7885.00"
"110257","48926.00","NO","Private Renting","12","12","2","1327.00","1","7877.00"
"110261","48929.00","NO","Private Renting","12","12","2","1324.00","1","7868.00"
"110264","48932.00","NO","Private Renting","12","12","2","1321.00","1","7861.00"
"110267","48934.00","NO","Private Renting","12","12","2","1318.00","1","7854.00"
"110271","48937.00","NO","Private Renting","12","12","2","1314.00","1","7844.00"
"110274","48939.00","NO","Private Renting","12","12","2","1311.00","1","7837.00"
"110277","48941.00","NO","Owner Occupier","12","12","2","1308.00","1","7830.00"
"110281","48944.00","NO","Private Renting","12","12","2","1304.00","1","7820.00"
"110284","48947.00","NO","Owner Occupier","12","12","2","1302.00","1","7813.00"
"110287","48949.00","NO","Owner Occupier","12","12","2","1299.00","1","7806.00"
"110291","48952.00","NO","Owner Occupier","12","12","2","1295.00","1","7796.00"
"110294","48954.00","NO","Owner Occupier","12","12","2","1292.00","1","7789.00"
"110297","48956.00","NO","Owner Occupier","12","12","2","1289.00","1","7782.00"
"110302","48960.00","NO","Owner Occupier","12","12","2","1284.00","1","7770.00"
"110305","48962.00","NO","Public Housing","12","12","2","1281.00","1","7763.00"
"110308","48965.00","NO","Owner Occupier","12","12","2","1279.00","1","7756.00"
"110312","48968.00","NO","Owner Occupier","12","12","2","1275.00","1","7746.00"
"110315","48970.00","NO","Private Renting","12","12","2","1272.00","1","7739.00"
"110318","48972.00","NO","Living with parents/guardian","12","12","2","1269.00","1","7732.00"
"110322","48975.00","NO","Private Renting","11","12","2","1265.00","1","7722.00"
"110325","48977.00","NO","Owner Occupier","11","12","2","1262.00","1","7715.00"
"110328","48979.00","NO","Private Renting","11","12","2","1259.00","1","7708.00"
"110332","48982.00","NO","Public Housing","11","12","2","1256.00","1","7698.00"
"110335","48985.00","NO","Owner Occupier","11","12","2","1253.00","1","7691.00"
"110338","48987.00","NO","Owner Occupier","11","12","2","1250.00","1","7684.00"
"110342","48990.00","NO","Owner Occupier","11","12","2","1246.00","1","7674.00"
"110345","48992.00","NO","Owner Occupier","11","12","2","1243.00","1","7667.00"
"110348","48994.00","NO","Public Housing","11","12","2","1240.00","1","7660.00"
"110352","48997.00","NO","Owner Occupier","11","12","2","1237.00","1","7650.00"
"110355","49000.00","NO","Owner Occupier","11","12","2","1234.00","1","7643.00"
"110358","49002.00","NO","Owner Occupier","11","12","2","1231.00","1","7636.00"
"110362","49005.00","NO","Owner Occupier","11","12","2","1227.00","1","7626.00"
"110365","49007.00","NO","Owner Occupier","11","12","2","1224.00","1","7619.00"
"110368","49009.00","NO","Public Housing","11","12","2","1221.00","1","7612.00"
"110372","49012.00","NO","Private Renting","11","12","2","1217.00","1","7603.00"
"110375","49015.00","NO","Owner Occupier","11","12","2","1215.00","1","7595.00"
"110378","49017.00","NO","Public Housing","11","12","2","1212.00","1","7588.00"
"110382","49020.00","NO","Owner Occupier","11","12","2","1208.00","1","7579.00"
"110385","49022.00","NO","Public Housing","11","12","2","1205.00","1","7572.00"
"110388","49024.00","NO","Public Housing","11","12","2","1202.00","1","7564.00"
"110392","49027.00","NO","Private Renting","11","12","2","1198.00","1","7555.00"
"110395","49030.00","NO","Sheltered","11","12","2","1195.00","1","7548.00"
"110398","49032.00","NO","Private Renting","11","12","2","1193.00","1","7540.00"
"110400","49033.00","NO","Sheltered","11","12","2","1191.00","1","7536.00"
"110403","49036.00","NO","Private Renting","11","12","2","1188.00","1","7529.00"
"110406","49038.00","NO","Owner Occupier","11","12","2","1185.00","1","7521.00"
"110409","49040.00","NO","Private Renting","11","12","2","1182.00","1","7514.00"
"110410","49041.00","NO","Owner Occupier","11","12","2","1181.00","1","7512.00"
"110413","49043.00","NO","Private Renting","11","12","2","1178.00","1","7505.00"
"110416","49045.00","NO","Private Renting","11","12","2","1175.00","1","7497.00"
"110419","49048.00","NO","Owner Occupier","11","12","2","1172.00","1","7490.00"
"110420","49048.00","YES","Owner Occupier","11","12","2","1171.00","1","7488.00"
"110423","49051.00","YES","Owner Occupier","11","12","2","1169.00","1","7481.00"
"110426","49053.00","YES","Owner Occupier","11","12","2","1166.00","1","7474.00"
"110429","49055.00","YES","Owner Occupier","11","12","2","1163.00","1","7466.00"
"110430","49056.00","YES","Owner Occupier","11","12","2","1162.00","1","7464.00"
"110433","49058.00","YES","Public Housing","11","12","2","1159.00","1","7457.00"
"110436","49060.00","YES","Owner Occupier","11","12","2","1156.00","1","7450.00"
"110439","49063.00","YES","Public Housing","11","12","2","1153.00","1","7442.00"
"110440","49063.00","YES","Owner Occupier","11","12","2","1152.00","1","7440.00"
"110443","49066.00","YES","Public Housing","11","12","2","1150.00","1","7433.00"
"110446","49068.00","YES","Owner Occupier","11","12","2","1147.00","1","7426.00"
"110449","49070.00","YES","Owner Occupier","11","12","2","1144.00","1","7419.00"
"110450","49071.00","YES","Owner Occupier","11","12","2","1143.00","1","7416.00"
"110453","49073.00","YES","Owner Occupier","11","12","2","1140.00","1","7409.00"
"110456","49075.00","YES","Private Renting","11","12","2","1137.00","1","7402.00"
"110459","49077.00","YES","Owner Occupier","11","12","2","1134.00","1","7395.00"
"110460","49078.00","YES","Public Housing","11","12","2","1133.00","1","7392.00"
"110463","49080.00","YES","Owner Occupier","11","12","2","1130.00","1","7385.00"
"110466","49083.00","YES","Owner Occupier","11","12","2","1128.00","1","7378.00"
"110469","49085.00","YES","Owner Occupier","11","12","2","1125.00","1","7371.00"
"110470","49086.00","YES","Owner Occupier","11","12","2","1124.00","1","7368.00"
"110473","49088.00","YES","Private Renting","11","12","2","1121.00","1","7361.00"
"110476","49090.00","YES","Private Renting","11","12","2","1118.00","1","7354.00"
"110479","49092.00","YES","Owner Occupier","11","12","2","1115.00","1","7347.00"
"110480","49093.00","YES","Owner Occupier","11","12","2","1114.00","1","7344.00"
"110483","49095.00","YES","Public Housing","11","12","2","1111.00","1","7337.00"
"110486","49098.00","YES","Owner Occupier","11","12","2","1108.00","1","7330.00"
"110489","49100.00","YES","Public Housing","11","12","2","1106.00","1","7323.00"
"110490","49101.00","YES","Owner Occupier","11","12","2","1105.00","1","7321.00"
"110493","49103.00","YES","Owner Occupier","11","12","2","1102.00","1","7313.00"
"110496","49105.00","YES","Owner Occupier","11","12","2","1099.00","1","7306.00"
"110499","49107.00","YES","Owner Occupier","11","12","2","1096.00","1","7299.00"
"110501","49109.00","YES","Sheltered","11","12","2","1094.00","1","7294.00"
"110504","49111.00","YES","Private Renting","11","12","2","1091.00","1","7287.00"
"110507","49113.00","YES","Private Renting","11","12","2","1088.00","1","7280.00"
"110511","49116.00","YES","Owner Occupier","11","12","2","1084.00","1","7270.00"
"110514","49119.00","YES","Owner Occupier","11","12","2","1082.00","1","7263.00"
"110517","49121.00","YES","Public Housing","11","12","2","1079.00","1","7256.00"
"110521","49124.00","YES","Private Renting","11","12","2","1075.00","1","7246.00"
"110524","49126.00","YES","Living with parents/guardian","11","12","2","1072.00","1","7239.00"
"110527","49128.00","YES","Private Renting","11","12","2","1069.00","1","7232.00"
"110531","49131.00","YES","Owner Occupier","11","12","2","1065.00","1","7223.00"
"110534","49134.00","YES","Owner Occupier","11","12","2","1062.00","1","7215.00"
"110537","49136.00","YES","Owner Occupier","11","12","2","1060.00","1","7208.00"
"110541","49139.00","YES","Owner Occupier","11","12","2","1056.00","1","7199.00"
"110544","49141.00","YES","Public Housing","11","12","2","1053.00","1","7192.00"
"110547","49143.00","YES","Owner Occupier","11","12","2","1050.00","1","7184.00"
"110551","49146.00","YES","Owner Occupier","11","12","2","1046.00","1","7175.00"
"110554","49149.00","NO","Owner Occupier","11","12","2","1043.00","1","7168.00"
"110557","49151.00","NO","Owner Occupier","11","12","2","1041.00","1","7160.00"
"110561","49154.00","NO","Private Renting","11","12","2","1037.00","1","7151.00"
"110564","49156.00","NO","Owner Occupier","11","12","2","1034.00","1","7144.00"
"110567","49158.00","NO","Private Renting","11","12","2","1031.00","1","7137.00"
"110571","49161.00","NO","Living with parents/guardian","11","12","2","1027.00","1","7127.00"
"110574","49163.00","NO","Owner Occupier","11","12","2","1024.00","1","7120.00"
"110577","49166.00","NO","Owner Occupier","11","12","2","1021.00","1","7113.00"
"110581","49169.00","NO","Public Housing","11","12","2","1018.00","1","7103.00"
"100537","45081.00","YES","Owner Occupier","14","15","2","713.00","1","8430.00"
"101432","44202.00","YES","Owner Occupier","1","23","2","2611.00","0","12915.00"
"101452","57689.00","YES","Owner Occupier","25","19","1","331.00","1","9915.00"
"100423","49007.00","YES","Living with parents/guardian","14","18","1","13360.00","0","24375.00"
"100695","58878.00","YES","Owner Occupier","18","9","1","1680.00","0","6165.00"
"100625","45993.00","YES","Public Housing","6","7","2","311.00","0","8670.00"
"100615","44298.00","YES","Owner Occupier","16","19","2","763.00","0","8410.00"
"100416","59463.00","YES","Owner Occupier","2","9","2","1298.00","1","4765.00"
"100642","43739.00","YES","Owner Occupier","3","7","1","2247.00","1","10275.00"
"101394","44997.00","YES","Public Housing","6","18","1","1238.00","1","8070.00"
"101448","53201.00","YES","Owner Occupier","18","29","1","17134.00","0","16275.00"
"100698","58785.00","YES","Private Renting","31","16","2","1111.00","0","7415.00"
"100703","45368.00","YES","Owner Occupier","4","2","2","711.00","1","10340.00"
"100668","59692.00","YES","Owner Occupier","11","3","1","469.00","0","10100.00"
"100597","53731.00","YES","Public Housing","26","16","2","13160.00","1","17985.00"
"100486","54938.00","YES","Owner Occupier","5","15","2","268.00","0","8225.00"
"100581","45841.00","YES","Public Housing","11","12","2","4159.00","0","13350.00"
"100375","50808.00","YES","Private Renting","19","18","2","457.00","0","7775.00"
"100456","47026.00","YES","Private Renting","23","18","2","1368.00","0","6955.00"
"100759","47035.00","YES","Living with parents/guardian","8","15","1","2003.00","0","10915.00"
"100470","45949.00","YES","Private Renting","17","7","1","3865.00","0","13010.00"
"101570","55565.00","YES","Owner Occupier","23","0","2","2219.00","0","11885.00"
"100716","45217.00","YES","Owner Occupier","17","8","2","445.00","1","11455.00"
"100729","43146.00","YES","Owner Occupier","0","10","1","679.00","1","10420.00"
"100443","43874.00","YES","Owner Occupier","18","0","2","1320.00","1","10295.00"
"101377","51945.00","YES","Public Housing","19","0","1","25.00","1","7480.00"
"100700","55140.00","YES","Owner Occupier","20","13","2","5095.00","0","8540.00"
"100521","44394.00","YES","Owner Occupier","20","17","1","2041.00","0","10100.00"
"100733","45318.00","YES","Private Renting","2","3","1","461.00","1","7665.00"
"101468","45970.00","YES","Owner Occupier","11","7","1","579.00","0","9280.00"
"100473","43750.00","YES","Private Renting","13","6","1","988.00","1","7060.00"
"101458","46645.00","YES","Owner Occupier","19","4","1","884.00","0","6045.00"
"100753","53550.00","YES","Public Housing","11","23","1","544.00","1","7260.00"
"100493","50515.00","YES","Owner Occupier","3","5","1","1642.00","1","12725.00"
"100322","50295.00","YES","Owner Occupier","3","12","1","298.00","0","6140.00"
"100789","43151.00","YES","Private Renting","6","9","1","681.00","1","7290.00"
"100338","45813.00","YES","Owner Occupier","10","13","1","59.00","0","7385.00"
"100587","45246.00","YES","Living with parents/guardian","6","5","1","737.00","1","5300.00"
"101599","52495.00","YES","Owner Occupier","18","16","2","2527.00","1","10375.00"
"101324","51383.00","YES","Owner Occupier","19","12","2","1119.00","1","7955.00"
"101412","56891.00","YES","Owner Occupier","26","1","1","1543.00","1","5545.00"
"100799","49866.00","YES","Owner Occupier","10","24","1","2493.00","0","9340.00"
"100531","45159.00","YES","Owner Occupier","6","12","1","2310.00","0","12065.00"
"100746","45194.00","YES","Owner Occupier","15","10","2","1678.00","1","12915.00"
"100645","43648.00","YES","Owner Occupier","14","12","1","2496.00","1","6095.00"
"100409","43957.00","YES","Public Housing","18","13","2","286.00","1","7810.00"
"100706","46965.00","YES","Public Housing","21","0","1","83.00","1","4070.00"
"100378","49075.00","YES","Owner Occupier","7","16","2","133.00","0","4900.00"
"100388","48511.00","YES","Owner Occupier","21","25","1","793.00","0","9550.00"
"100739","43185.00","YES","Living with parents/guardian","0","8","1","20.00","0","9420.00"
"101580","44477.00","YES","Private Renting","19","15","1","351.00","0","8290.00"
"101354","57718.00","NO","Owner Occupier","25","16","2","1555.00","1","6285.00"
"101549","44460.00","NO","Owner Occupier","4","16","1","3467.00","1","9290.00"
"101472","45659.00","NO","Public Housing","12","17","1","9466.00","1","17050.00"
"100756","59944.00","NO","Owner Occupier","20","11","2","3894.00","0","9880.00"
"101722","45390.00","NO","Owner Occupier","3","2","2","154.00","0","11710.00"
"100439","43890.00","NO","Owner Occupier","19","18","2","505.00","1","6960.00"
"100325","52540.00","NO","Sheltered","0","15","2","397.00","0","8250.00"
"100368","43474.00","NO","Living with parents/guardian","17","1","1","270.00","1","5315.00"
"100635","44039.00","NO","Owner Occupier","17","6","2","109.00","1","6590.00"
"100793","50552.00","NO","Owner Occupier","5","23","1","466.00","0","6880.00"
"101694","53307.00","NO","Owner Occupier","8","27","2","1984.00","1","9475.00"
"100594","49529.00","NO","Owner Occupier","9","10","1","342.00","0","7995.00"
"100284","45049.00","NO","Public Housing","6","16","2","1345.00","1","9085.00"
"100382","49008.00","NO","Private Renting","10","16","2","216.00","0","10910.00"
"100567","57683.00","NO","Owner Occupier","14","24","1","3275.00","1","10185.00"
"101405","43482.00","NO","Owner Occupier","4","1","1","361.00","1","8375.00"
"100511","43835.00","NO","Owner Occupier","3","1","2","1501.00","1","12220.00"
"100385","52896.00","NO","Owner Occupier","19","6","2","1655.00","1","8975.00"
"101798","47111.00","NO","Private Renting","1","14","2","1001.00","1","10510.00"
"100527","48061.00","NO","Private Renting","3","5","2","296.00","0","9680.00"
"100571","50076.00","NO","Private Renting","0","17","1","460.00","1","9385.00"
"100605","49415.00","NO","Owner Occupier","17","11","1","150.00","0","6485.00"
"100345","53552.00","NO","Owner Occupier","19","22","2","1255.00","1","4430.00"
"100496","44449.00","NO","Private Renting","9","16","1","4168.00","0","8450.00"
"100490","50799.00","NO","Owner Occupier","22","19","2","1919.00","0","6020.00"
"100602","44892.00","NO","Private Renting","12","2","2","3337.00","0","11195.00"
"101624","43677.00","NO","Sheltered","16","9","1","740.00","0","10915.00"
"100294","55642.00","NO","Private Renting","4","22","2","240.00","0","5925.00"
"100449","45238.00","NO","Owner Occupier","9","6","2","326.00","1","5515.00"
"100760","43794.00","NO","Owner Occupier","9","6","2","1430.00","0","9020.00"
"100730","57388.00","NO","Private Renting","23","22","1","3450.00","0","5365.00"
"100403","44831.00","NO","Owner Occupier","15","2","1","1597.00","1","8790.00"
"100662","50833.00","NO","Public Housing","21","16","1","760.00","1","11585.00"
"101732","47623.00","NO","Owner Occupier","12","7","2","1358.00","1","7365.00"
"100436","45518.00","NO","Private Renting","17","22","1","8231.00","1","16485.00"
"100736","44005.00","NO","Private Renting","16","8","2","25.00","1","6920.00"
"100766","57376.00","NO","Private Renting","21","27","2","684.00","1","9845.00"
"100796","58381.00","NO","Private Renting","16","12","1","829.00","0","11750.00"
"100453","45869.00","NO","Private Renting","21","8","2","71.00","1","9240.00"
"100561","45721.00","NO","Living with parents/guardian","3","14","1","294.00","1","7925.00"
"101503","44095.00","NO","Private Renting","13","4","1","368.00","0","8730.00"
"100551","43707.00","NO","Owner Occupier","8","9","1","1131.00","0","9365.00"
"101347","55554.00","NO","Public Housing","27","0","1","708.00","0","8615.00"
"100665","57520.00","NO","Private Renting","25","19","1","890.00","0","11950.00"
"101593","50445.00","NO","Public Housing","10","8","1","237.00","1","9310.00"
"100534","44413.00","NO","Private Renting","13","16","2","885.00","0","4665.00"
"100499","47422.00","NO","Owner Occupier","11","12","2","2010.00","1","12315.00"
"100749","43876.00","NO","Private Renting","13","0","2","98.00","1","5330.00"
"101495","47734.00","NO","Sheltered","23","6","2","2631.00","1","14355.00"
"100348","54792.00","NO","Owner Occupier","22","17","1","1223.00","0","6915.00"
"100622","49600.00","NO","Private Renting","5","9","2","3366.00","1","9065.00"
"101334","44895.00","NO","Owner Occupier","8","0","2","888.00","1","8915.00"
"100524","57004.00","NO","Private Renting","14","31","1","3561.00","0","6720.00"
"101519","43408.00","NO","Owner Occupier","10","4","2","1106.00","0","10605.00"
"100790","44072.00","NO","Owner Occupier","5","5","1","1250.00","0","10590.00"
"100770","53983.00","NO","Public Housing","1","9","2","2117.00","0","9585.00"
"100476","44318.00","NO","Owner Occupier","8","19","1","2096.00","0","9240.00"
"101627","44671.00","NO","Private Renting","16","9","2","3971.00","1","12050.00"
"100591","56523.00","NO","Public Housing","20","10","1","2066.00","0","9340.00"
"101415","53791.00","NO","Owner Occupier","1","15","1","1844.00","1","11855.00"
"100440","44772.00","NO","Owner Occupier","9","6","1","469.00","0","7950.00"
"100398","44187.00","NO","Owner Occupier","19","3","1","693.00","0","9310.00"
"100489","48084.00","NO","Owner Occupier","10","3","2","555.00","1","10500.00"
"100352","52961.00","NO","Public Housing","17","4","1","1853.00","1","11950.00"
"100763","45452.00","NO","Owner Occupier","12","24","1","5490.00","1","10040.00"
"100618","45463.00","NO","Owner Occupier","2","23","2","478.00","1","13350.00"
"100672","54777.00","NO","Public Housing","26","17","2","2814.00","1","10895.00"
"101492","53365.00","NO","Owner Occupier","21","26","1","3819.00","0","10250.00"
"100450","54673.00","NO","Owner Occupier","15","22","2","3086.00","1","11875.00"
"100688","45654.00","NO","Public Housing","6","18","2","5471.00","0","6915.00"
"100430","45066.00","NO","Private Renting","16","15","1","860.00","1","6605.00"
"101280","44202.00","NO","Owner Occupier","8","0","2","748.00","0","10455.00"
"101684","45712.00","NO","Owner Occupier","14","15","2","2216.00","0","8910.00"
"100419","51219.00","NO","Private Renting","14","15","2","1292.00","1","7005.00"
"100720","44682.00","NO","Private Renting","12","9","1","1192.00","1","7320.00"
"100342","43202.00","NO","Owner Occupier","17","7","1","1412.00","1","8925.00"
"100682","44270.00","NO","Owner Occupier","3","22","2","962.00","1","7845.00"
"100769","58529.00","NO","Sheltered","0","9","1","1108.00","0","11775.00"
"100365","45115.00","NO","Private Renting","11","13","2","5189.00","1","16935.00"
"100507","43633.00","NO","Public Housing","14","16","1","6100.00","0","7330.00"
"101664","50631.00","NO","Private Renting","26","21","2","2132.00","0","3110.00"
"100628","50199.00","NO","Private Renting","5","12","1","1230.00","0","10070.00"
"110002","48736.00","YES","Owner Occupier","12","12","2","1571.00","1","8487.00"
"110005","48738.00","YES","Owner Occupier","12","12","2","1568.00","1","8480.00"
"110008","48740.00","YES","Public Housing","12","12","2","1565.00","1","8473.00"
"110012","48743.00","YES","Living with parents/guardian","12","12","2","1562.00","1","8463.00"
"110015","48745.00","YES","Owner Occupier","12","12","2","1559.00","1","8456.00"
"110018","48748.00","YES","Owner Occupier","12","12","2","1556.00","1","8449.00"
"110022","48751.00","YES","Owner Occupier","12","12","2","1552.00","1","8439.00"
"110025","48753.00","YES","Owner Occupier","12","12","2","1549.00","1","8432.00"
"110028","48755.00","YES","Public Housing","12","12","2","1546.00","1","8425.00"
"110032","48758.00","YES","Owner Occupier","12","12","2","1542.00","1","8415.00"
"110035","48760.00","YES","Owner Occupier","12","12","2","1540.00","1","8408.00"
"110038","48763.00","YES","Owner Occupier","12","12","2","1537.00","1","8401.00"
"110042","48766.00","YES","Private Renting","12","12","2","1533.00","1","8391.00"
"110045","48768.00","YES","Owner Occupier","12","12","2","1530.00","1","8384.00"
"110048","48770.00","YES","Public Housing","12","12","2","1527.00","1","8377.00"
"110052","48773.00","YES","Private Renting","12","12","2","1523.00","1","8367.00"
"110055","48775.00","YES","Private Renting","12","12","2","1520.00","1","8360.00"
"110058","48778.00","YES","Owner Occupier","12","12","2","1518.00","1","8353.00"
"110062","48781.00","YES","Owner Occupier","12","12","2","1514.00","1","8343.00"
"110065","48783.00","YES","Owner Occupier","12","12","2","1511.00","1","8336.00"
"110068","48785.00","YES","Owner Occupier","12","12","2","1508.00","1","8329.00"
"110072","48788.00","YES","Owner Occupier","12","12","2","1504.00","1","8320.00"
"110075","48790.00","YES","Owner Occupier","12","12","2","1501.00","1","8312.00"
"110078","48793.00","YES","Private Renting","12","12","2","1498.00","1","8305.00"
"110082","48796.00","YES","Sheltered","12","12","2","1495.00","1","8296.00"
"110085","48798.00","YES","Private Renting","12","12","2","1492.00","1","8289.00"
"110088","48800.00","YES","Private Renting","12","12","2","1489.00","1","8281.00"
"110092","48803.00","YES","Owner Occupier","12","12","2","1485.00","1","8272.00"
"110095","48805.00","YES","Owner Occupier","12","12","2","1482.00","1","8265.00"
"110098","48807.00","YES","Public Housing","12","12","2","1479.00","1","8257.00"
"110100","48809.00","YES","Owner Occupier","12","12","2","1477.00","1","8253.00"
"110103","48811.00","YES","Private Renting","12","12","2","1475.00","1","8246.00"
"110106","48813.00","YES","Owner Occupier","12","12","2","1472.00","1","8238.00"
"110109","48816.00","YES","Owner Occupier","12","12","2","1469.00","1","8231.00"
"110110","48816.00","YES","Living with parents/guardian","12","12","2","1468.00","1","8229.00"
"110113","48819.00","YES","Owner Occupier","12","12","2","1465.00","1","8222.00"
"110116","48821.00","YES","Owner Occupier","12","12","2","1462.00","1","8214.00"
"110119","48823.00","YES","Living with parents/guardian","12","12","2","1459.00","1","8207.00"
"110120","48824.00","YES","Public Housing","12","12","2","1458.00","1","8205.00"
"110123","48826.00","YES","Owner Occupier","12","12","2","1455.00","1","8198.00"
"110126","48828.00","YES","Public Housing","12","12","2","1453.00","1","8191.00"
"110129","48831.00","YES","Owner Occupier","12","12","2","1450.00","1","8183.00"
"110130","48831.00","YES","Living with parents/guardian","12","12","2","1449.00","1","8181.00"
"110133","48834.00","YES","Owner Occupier","12","12","2","1446.00","1","8174.00"
"110136","48836.00","NO","Owner Occupier","12","12","2","1443.00","1","8167.00"
"110139","48838.00","NO","Private Renting","12","12","2","1440.00","1","8159.00"
"110140","48839.00","NO","Private Renting","12","12","2","1439.00","1","8157.00"
"110143","48841.00","NO","Owner Occupier","12","12","2","1436.00","1","8150.00"
"110146","48843.00","NO","Private Renting","12","12","2","1433.00","1","8143.00"
"110149","48846.00","NO","Owner Occupier","12","12","2","1431.00","1","8136.00"
"110150","48846.00","NO","Private Renting","12","12","2","1430.00","1","8133.00"
"110153","48849.00","NO","Private Renting","12","12","2","1427.00","1","8126.00"
"110156","48851.00","NO","Public Housing","12","12","2","1424.00","1","8119.00"
"110159","48853.00","NO","Owner Occupier","12","12","2","1421.00","1","8112.00"
"110160","48854.00","NO","Owner Occupier","12","12","2","1420.00","1","8109.00"
"110163","48856.00","NO","Public Housing","12","12","2","1417.00","1","8102.00"
"110166","48858.00","NO","Owner Occupier","12","12","2","1414.00","1","8095.00"
"110169","48861.00","NO","Living with parents/guardian","12","12","2","1411.00","1","8088.00"
"110170","48861.00","NO","Owner Occupier","12","12","2","1411.00","1","8085.00"
"110173","48864.00","NO","Owner Occupier","12","12","2","1408.00","1","8078.00"
"110176","48866.00","NO","Public Housing","12","12","2","1405.00","1","8071.00"
"110179","48868.00","NO","Owner Occupier","12","12","2","1402.00","1","8064.00"
"110180","48869.00","NO","Private Renting","12","12","2","1401.00","1","8061.00"
"110183","48871.00","NO","Public Housing","12","12","2","1398.00","1","8054.00"
"110186","48873.00","NO","Owner Occupier","12","12","2","1395.00","1","8047.00"
"110189","48876.00","NO","Owner Occupier","12","12","2","1392.00","1","8040.00"
"110190","48876.00","NO","Owner Occupier","12","12","2","1391.00","1","8038.00"
"110193","48879.00","NO","Owner Occupier","12","12","2","1389.00","1","8030.00"
"110196","48881.00","NO","Owner Occupier","12","12","2","1386.00","1","8023.00"
"110199","48883.00","NO","Public Housing","12","12","2","1383.00","1","8016.00"
"110201","48885.00","NO","Owner Occupier","12","12","2","1381.00","1","8011.00"
"110206","48888.00","NO","Public Housing","12","12","2","1376.00","1","7999.00"
"110209","48890.00","NO","Public Housing","12","12","2","1373.00","1","7992.00"
"110210","48891.00","NO","Owner Occupier","12","12","2","1372.00","1","7990.00"
"110213","48893.00","NO","Public Housing","12","12","2","1369.00","1","7983.00"
"110216","48896.00","NO","Private Renting","12","12","2","1367.00","1","7975.00"
"110219","48898.00","NO","Private Renting","12","12","2","1364.00","1","7968.00"
"110220","48899.00","NO","Owner Occupier","12","12","2","1363.00","1","7966.00"
"110223","48901.00","NO","Owner Occupier","12","12","2","1360.00","1","7959.00"
"110226","48903.00","NO","Owner Occupier","12","12","2","1357.00","1","7952.00"
"110229","48905.00","NO","Sheltered","12","12","2","1354.00","1","7944.00"
"110230","48906.00","NO","Owner Occupier","12","12","2","1353.00","1","7942.00"
"110233","48908.00","NO","Private Renting","12","12","2","1350.00","1","7935.00"
"110236","48911.00","NO","Owner Occupier","12","12","2","1347.00","1","7928.00"
"110239","48913.00","NO","Owner Occupier","12","12","2","1345.00","1","7920.00"
"110240","48914.00","NO","Owner Occupier","12","12","2","1344.00","1","7918.00"
"110243","48916.00","NO","Private Renting","12","12","2","1341.00","1","7911.00"
"110246","48918.00","NO","Private Renting","12","12","2","1338.00","1","7904.00"
"110249","48920.00","NO","Owner Occupier","12","12","2","1335.00","1","7897.00"
"110250","48921.00","NO","Private Renting","12","12","2","1334.00","1","7894.00"
"110253","48923.00","NO","Public Housing","12","12","2","1331.00","1","7887.00"
"110256","48926.00","NO","Public Housing","12","12","2","1328.00","1","7880.00"
"110259","48928.00","NO","Owner Occupier","12","12","2","1325.00","1","7873.00"
"110260","48929.00","NO","Private Renting","12","12","2","1324.00","1","7870.00"
"110263","48931.00","NO","Public Housing","12","12","2","1322.00","1","7863.00"
"110266","48933.00","NO","Private Renting","12","12","2","1319.00","1","7856.00"
"110269","48935.00","NO","Owner Occupier","12","12","2","1316.00","1","7849.00"
"110270","48936.00","NO","Owner Occupier","12","12","2","1315.00","1","7846.00"
"110273","48938.00","NO","Private Renting","12","12","2","1312.00","1","7839.00"
"110276","48941.00","NO","Owner Occupier","12","12","2","1309.00","1","7832.00"
"110279","48943.00","NO","Owner Occupier","12","12","2","1306.00","1","7825.00"
"110280","48944.00","NO","Owner Occupier","12","12","2","1305.00","1","7822.00"
"110283","48946.00","NO","Living with parents/guardian","12","12","2","1302.00","1","7815.00"
"110286","48948.00","NO","Public Housing","12","12","2","1300.00","1","7808.00"
"110289","48950.00","NO","Owner Occupier","12","12","2","1297.00","1","7801.00"
"110290","48951.00","NO","Public Housing","12","12","2","1296.00","1","7799.00"
"110293","48953.00","NO","Owner Occupier","12","12","2","1293.00","1","7791.00"
"110296","48956.00","NO","Private Renting","12","12","2","1290.00","1","7784.00"
"110299","48958.00","NO","Private Renting","12","12","2","1287.00","1","7777.00"
"110301","48959.00","NO","Private Renting","12","12","2","1285.00","1","7772.00"
"110304","48962.00","NO","Owner Occupier","12","12","2","1282.00","1","7765.00"
"110307","48964.00","NO","Private Renting","12","12","2","1280.00","1","7758.00"
"110311","48967.00","NO","Living with parents/guardian","12","12","2","1276.00","1","7748.00"
"110314","48969.00","NO","Owner Occupier","12","12","2","1273.00","1","7741.00"
"110317","48971.00","NO","Private Renting","12","12","2","1270.00","1","7734.00"
"110321","48974.00","NO","Owner Occupier","11","12","2","1266.00","1","7724.00"
"110324","48977.00","NO","Owner Occupier","11","12","2","1263.00","1","7717.00"
"110327","48979.00","NO","Private Renting","11","12","2","1260.00","1","7710.00"
"110331","48982.00","NO","Owner Occupier","11","12","2","1257.00","1","7701.00"
"110334","48984.00","NO","Public Housing","11","12","2","1254.00","1","7693.00"
"110337","48986.00","NO","Public Housing","11","12","2","1251.00","1","7686.00"
"110341","48989.00","NO","Public Housing","11","12","2","1247.00","1","7677.00"
"110344","48991.00","NO","Owner Occupier","11","12","2","1244.00","1","7670.00"
"110347","48994.00","NO","Private Renting","11","12","2","1241.00","1","7662.00"
"110351","48997.00","NO","Public Housing","11","12","2","1237.00","1","7653.00"
"110354","48999.00","NO","Living with parents/guardian","11","12","2","1235.00","1","7646.00"
"110357","49001.00","NO","Private Renting","11","12","2","1232.00","1","7638.00"
"110361","49004.00","NO","Public Housing","11","12","2","1228.00","1","7629.00"
"110364","49006.00","NO","Owner Occupier","11","12","2","1225.00","1","7622.00"
"110367","49009.00","NO","Public Housing","11","12","2","1222.00","1","7615.00"
"110371","49012.00","NO","Private Renting","11","12","2","1218.00","1","7605.00"
"110374","49014.00","NO","Private Renting","11","12","2","1215.00","1","7598.00"
"110377","49016.00","NO","Owner Occupier","11","12","2","1213.00","1","7591.00"
"110381","49019.00","NO","Living with parents/guardian","11","12","2","1209.00","1","7581.00"
"110384","49021.00","NO","Owner Occupier","11","12","2","1206.00","1","7574.00"
"110387","49024.00","NO","Owner Occupier","11","12","2","1203.00","1","7567.00"
"110391","49027.00","NO","Private Renting","11","12","2","1199.00","1","7557.00"
"110394","49029.00","NO","Private Renting","11","12","2","1196.00","1","7550.00"
"110397","49031.00","NO","Owner Occupier","11","12","2","1193.00","1","7543.00"
"110402","49035.00","NO","Owner Occupier","11","12","2","1189.00","1","7531.00"
"110405","49037.00","NO","Living with parents/guardian","11","12","2","1186.00","1","7524.00"
"110408","49039.00","NO","Owner Occupier","11","12","2","1183.00","1","7517.00"
"110412","49042.00","NO","Private Renting","11","12","2","1179.00","1","7507.00"
